DATE,CLOSE,VOLUME
2017-10-01,4403.740234,1208210048
2017-10-02,4409.319824,1431730048
2017-10-03,4317.47998,1288019968
2017-10-04,4229.359863,1116770048
2017-10-05,4328.410156,1161769984
2017-10-06,4370.810059,1069939968
2017-10-07,4426.890137,906928000
2017-10-08,4610.47998,1313869952
2017-10-09,4772.02002,1968739968
2017-10-10,4781.990234,1597139968
2017-10-11,4826.47998,1222279936
2017-10-12,5446.910156,2791610112
2017-10-13,5647.209961,3615480064
2017-10-14,5831.790039,1669030016
2017-10-15,5678.189941,1976039936
2017-10-16,5725.589844,2008070016
2017-10-17,5605.509766,1821570048
2017-10-18,5590.689941,2399269888
2017-10-19,5708.52002,1780540032
2017-10-20,6011.450195,2354429952
2017-10-21,6031.600098,2207099904
2017-10-22,6008.419922,2034630016
2017-10-23,5930.319824,2401840128
2017-10-24,5526.640137,2735699968
2017-10-25,5750.799805,1966989952
2017-10-26,5904.830078,1905040000
2017-10-27,5780.899902,1710130048
2017-10-28,5753.089844,1403920000
2017-10-29,6153.850098,2859040000
2017-10-30,6130.529785,1772150016
2017-10-31,6468.399902,2311379968
2017-11-01,6767.310059,2870320128
2017-11-02,7078.5,4653770240
2017-11-03,7207.759766,3369860096
2017-11-04,7379.950195,2483800064
2017-11-05,7407.410156,2380410112
2017-11-06,7022.759766,3111899904
2017-11-07,7144.379883,2326340096
2017-11-08,7459.689941,4602200064
2017-11-09,7143.580078,3226249984
2017-11-10,6618.140137,5208249856
2017-11-11,6357.600098,4908680192
2017-11-12,5950.069824,8957349888
2017-11-13,6559.490234,6263249920
2017-11-14,6635.75,3197110016
2017-11-15,7315.540039,4200880128
2017-11-16,7871.689941,5123809792
2017-11-17,7708.990234,4651670016
2017-11-18,7790.149902,3667190016
2017-11-19,8036.490234,3149319936
2017-11-20,8200.639648,3488450048
2017-11-21,8071.259766,4277609984
2017-11-22,8253.549805,3633530112
2017-11-23,8038.77002,4225179904
2017-11-24,8253.69043,5058610176
2017-11-25,8790.919922,4342060032
2017-11-26,9330.549805,5475579904
2017-11-27,9818.349609,5653320192
2017-11-28,10058.799805,6348819968
2017-11-29,9888.610352,11568799744
2017-11-30,10233.599609,8310689792
2017-12-01,10975.599609,6783119872
2017-12-02,11074.599609,5138500096
2017-12-03,11323.200195,6608309760
2017-12-04,11657.200195,6132409856
2017-12-05,11916.700195,6895260160
2017-12-06,14291.5,12656300032
2017-12-07,17899.699219,17950699520
2017-12-08,16569.400391,21135998976
2017-12-09,15178.200195,13911300096
2017-12-10,15455.400391,13433299968
2017-12-11,16936.800781,12153900032
2017-12-12,17415.400391,14603799552
2017-12-13,16408.199219,12976900096
2017-12-14,16564.0,13777399808
2017-12-15,17706.900391,14309999616
2017-12-16,19497.400391,12740599808
2017-12-17,19140.800781,13314599936
2017-12-18,19114.199219,14839499776
2017-12-19,17776.699219,16894499840
2017-12-20,16624.599609,22149699584
2017-12-21,15802.900391,16516599808
2017-12-22,13831.799805,22197999616
2017-12-23,14699.200195,13086000128
2017-12-24,13925.799805,11572299776
2017-12-25,14026.599609,10664699904
2017-12-26,16099.799805,13454300160
2017-12-27,15838.5,12487600128
2017-12-28,14606.5,12336499712
2017-12-29,14656.200195,13025500160
2017-12-30,12952.200195,14452599808
2017-12-31,14156.400391,12136299520
2018-01-01,13657.200195,10291200000
2018-01-02,14982.099609,16846600192
2018-01-03,15201.0,16871900160
2018-01-04,15599.200195,21783199744
2018-01-05,17429.5,23840899072
2018-01-06,17527.0,18314600448
2018-01-07,16477.599609,15866000384
2018-01-08,15170.099609,18413899776
2018-01-09,14595.400391,16659999744
2018-01-10,14973.299805,18500800512
2018-01-11,13405.799805,16534099968
2018-01-12,13980.599609,12065699840
2018-01-13,14360.200195,12763599872
2018-01-14,13772.0,11084099584
2018-01-15,13819.799805,12750799872
2018-01-16,11490.5,18853799936
2018-01-17,11188.599609,18830600192
2018-01-18,11474.900391,15020399616
2018-01-19,11607.400391,10740400128
2018-01-20,12899.200195,11801700352
2018-01-21,11600.099609,9935179776
2018-01-22,10931.400391,10537400320
2018-01-23,10868.400391,9660609536
2018-01-24,11359.400391,9940989952
2018-01-25,11259.400391,8873169920
2018-01-26,11171.400391,9746199552
2018-01-27,11440.700195,7583269888
2018-01-28,11786.299805,8350360064
2018-01-29,11296.400391,7107359744
2018-01-30,10106.299805,8637859840
2018-01-31,10221.099609,8041160192
2018-02-01,9170.540039,9959400448
2018-02-02,8830.75,12726899712
2018-02-03,9174.910156,7263790080
2018-02-04,8277.009766,7073549824
2018-02-05,6955.27002,9285289984
2018-02-06,7754.0,13999800320
2018-02-07,7621.299805,9169280000
2018-02-08,8265.589844,9346750464
2018-02-09,8736.980469,6784820224
2018-02-10,8621.900391,7780960256
2018-02-11,8129.970215,6122189824
2018-02-12,8926.570313,6256439808
2018-02-13,8598.30957,5696719872
2018-02-14,9494.629883,7909819904
2018-02-15,10166.400391,9062540288
2018-02-16,10233.900391,7296159744
2018-02-17,11112.700195,8660880384
2018-02-18,10551.799805,8744009728
2018-02-19,11225.299805,7652089856
2018-02-20,11403.700195,9926540288
2018-02-21,10690.400391,9405339648
2018-02-22,10005.0,8040079872
2018-02-23,10301.099609,7739500032
2018-02-24,9813.070313,6917929984
2018-02-25,9664.730469,5706939904
2018-02-26,10366.700195,7287690240
2018-02-27,10725.599609,6966179840
2018-02-28,10397.900391,6936189952
2018-03-01,10951.0,7317279744
2018-03-02,11086.400391,7620590080
2018-03-03,11489.700195,6690570240
2018-03-04,11512.599609,6084149760
2018-03-05,11573.299805,6468539904
2018-03-06,10779.900391,6832169984
2018-03-07,9965.570313,8797910016
2018-03-08,9395.009766,7186089984
2018-03-09,9337.549805,8704190464
2018-03-10,8866.0,5386319872
2018-03-11,9578.629883,6296370176
2018-03-12,9205.120117,6457399808
2018-03-13,9194.849609,5991139840
2018-03-14,8269.80957,6438230016
2018-03-15,8300.860352,6834429952
2018-03-16,8338.349609,5289379840
2018-03-17,7916.879883,4426149888
2018-03-18,8223.679688,6639190016
2018-03-19,8630.650391,6729110016
2018-03-20,8913.469727,6361789952
2018-03-21,8929.280273,6043129856
2018-03-22,8728.469727,5530390016
2018-03-23,8879.620117,5954120192
2018-03-24,8668.120117,5664600064
2018-03-25,8495.780273,4569880064
2018-03-26,8209.400391,5921039872
2018-03-27,7833.040039,5378250240
2018-03-28,7954.47998,4935289856
2018-03-29,7165.700195,6361229824
2018-03-30,6890.52002,6289509888
2018-03-31,6973.529785,4553269760
2018-04-01,6844.22998,4532100096
2018-04-02,7083.799805,4333440000
2018-04-03,7456.109863,5499700224
2018-04-04,6853.839844,4936000000
2018-04-05,6811.470215,5639320064
2018-04-06,6636.319824,3766810112
2018-04-07,6911.089844,3976610048
2018-04-08,7023.52002,3652499968
2018-04-09,6770.72998,4894060032
2018-04-10,6834.759766,4272750080
2018-04-11,6968.319824,4641889792
2018-04-12,7889.25,8906250240
2018-04-13,7895.959961,7764460032
2018-04-14,7986.240234,5191430144
2018-04-15,8329.110352,5244480000
2018-04-16,8058.669922,5631309824
2018-04-17,7902.089844,6900879872
2018-04-18,8163.419922,6529909760
2018-04-19,8294.30957,7063209984
2018-04-20,8845.830078,8438110208
2018-04-21,8895.580078,7548550144
2018-04-22,8802.459961,6629899776
2018-04-23,8930.879883,6925190144
2018-04-24,9697.5,10678800384
2018-04-25,8845.740234,11083100160
2018-04-26,9281.509766,8970559488
2018-04-27,8987.049805,7566289920
2018-04-28,9348.480469,7805479936
2018-04-29,9419.080078,8853000192
2018-04-30,9240.549805,8673920000
2018-05-01,9119.009766,7713019904
2018-05-02,9235.919922,7558159872
2018-05-03,9743.860352,10207299584
2018-05-04,9700.759766,8217829888
2018-05-05,9858.150391,7651939840
2018-05-06,9654.799805,7222280192
2018-05-07,9373.009766,7394019840
2018-05-08,9234.820313,7415869952
2018-05-09,9325.179688,7226890240
2018-05-10,9043.94043,6906699776
2018-05-11,8441.490234,8488520192
2018-05-12,8504.889648,6821380096
2018-05-13,8723.94043,5866379776
2018-05-14,8716.790039,7364149760
2018-05-15,8510.379883,6705710080
2018-05-16,8368.830078,6760220160
2018-05-17,8094.319824,5862530048
2018-05-18,8250.969727,5764190208
2018-05-19,8247.179688,4712399872
2018-05-20,8513.25,5191059968
2018-05-21,8418.990234,5154990080
2018-05-22,8041.779785,5137010176
2018-05-23,7557.819824,6491120128
2018-05-24,7587.339844,6049220096
2018-05-25,7480.140137,4867829760
2018-05-26,7355.879883,4051539968
2018-05-27,7368.220215,4056519936
2018-05-28,7135.990234,5040600064
2018-05-29,7472.589844,5662660096
2018-05-30,7406.52002,4922540032
2018-05-31,7494.169922,5127130112
2018-06-01,7541.450195,4921460224
2018-06-02,7643.450195,4939299840
2018-06-03,7720.25,4851760128
2018-06-04,7514.470215,4993169920
2018-06-05,7633.759766,4961739776
2018-06-06,7653.97998,4692259840
2018-06-07,7678.240234,4485799936
2018-06-08,7624.919922,4227579904
2018-06-09,7531.97998,3845220096
2018-06-10,6786.02002,5804839936
2018-06-11,6906.919922,4745269760
2018-06-12,6582.359863,4654380032
2018-06-13,6349.899902,5052349952
2018-06-14,6675.350098,5138710016
2018-06-15,6456.580078,3955389952
2018-06-16,6550.160156,3194170112
2018-06-17,6499.27002,3104019968
2018-06-18,6734.819824,4039200000
2018-06-19,6769.939941,4057029888
2018-06-20,6776.549805,3888640000
2018-06-21,6729.740234,3529129984
2018-06-22,6083.689941,5079810048
2018-06-23,6162.47998,3431360000
2018-06-24,6173.22998,4566909952
2018-06-25,6249.180176,5500810240
2018-06-26,6093.669922,3279759872
2018-06-27,6157.129883,3296219904
2018-06-28,5903.439941,3467800064
2018-06-29,6218.299805,3966230016
2018-06-30,6404.0,4543860224
2018-07-01,6385.819824,4788259840
2018-07-02,6614.180176,4396930048
2018-07-03,6529.589844,4672309760
2018-07-04,6597.549805,4176689920
2018-07-05,6639.140137,4999240192
2018-07-06,6673.5,4313959936
2018-07-07,6856.930176,3961080064
2018-07-08,6773.879883,3386210048
2018-07-09,6741.75,3718129920
2018-07-10,6329.950195,4052430080
2018-07-11,6394.709961,3644859904
2018-07-12,6228.810059,3770170112
2018-07-13,6238.049805,3805400064
2018-07-14,6276.120117,2923670016
2018-07-15,6359.640137,3285459968
2018-07-16,6741.75,4725799936
2018-07-17,7321.040039,5961950208
2018-07-18,7370.779785,6103410176
2018-07-19,7466.859863,5111629824
2018-07-20,7354.129883,4936869888
2018-07-21,7419.290039,3726609920
2018-07-22,7418.490234,3695460096
2018-07-23,7711.109863,5132480000
2018-07-24,8424.269531,7277689856
2018-07-25,8181.390137,5845400064
2018-07-26,7951.580078,4899089920
2018-07-27,8165.009766,5195879936
2018-07-28,8192.150391,3988750080
2018-07-29,8218.459961,4107190016
2018-07-30,8180.47998,5551400000
2018-07-31,7780.439941,5287530000
2018-08-01,7624.910156,4797620000
2018-08-02,7567.149902,4214110000
2018-08-03,7434.390137,4627150000
2018-08-04,7032.850098,4268390000
2018-08-05,7068.47998,3679110000
2018-08-06,6951.799805,3925900000
2018-08-07,6753.120117,4682800000
2018-08-08,6305.799805,5064430000
2018-08-09,6568.22998,4267040000
2018-08-10,6184.709961,4528680000
2018-08-11,6295.72998,4047850000
2018-08-12,6322.689941,5665250000
2018-08-13,6297.569824,4083980000
2018-08-14,6199.709961,5301700000
2018-08-15,6308.52002,4895450000
2018-08-16,6334.72998,4328420000
2018-08-17,6580.629883,4992990000
2018-08-18,6423.759766,3984520000
2018-08-19,6506.069824,3311170000
2018-08-20,6308.529785,3665100000
2018-08-21,6488.759766,3377180000
2018-08-22,6376.709961,4668110000
2018-08-23,6534.879883,3426180000
2018-08-24,6719.959961,4097820000
2018-08-25,6763.189941,3312600000
2018-08-26,6707.259766,3295500000
2018-08-27,6884.640137,4019000000
2018-08-28,7096.279785,4659940000
2018-08-29,7047.160156,4145880000
2018-08-30,6978.22998,4463250000
2018-08-31,7037.580078,4495650000
2018-09-01,7193.25,4116050000
2018-09-02,7272.720215,4329540000
2018-09-03,7260.060059,4087760000
2018-09-04,7361.660156,4273640000
2018-09-05,6792.830078,5800460000
2018-09-06,6529.169922,5523470000
2018-09-07,6467.069824,4264680000
2018-09-08,6225.97998,3835060000
2018-09-09,6300.859863,3671890000
2018-09-10,6329.700195,3714100000
2018-09-11,6321.200195,3849910000
2018-09-12,6351.799805,4064230000
2018-09-13,6517.310059,4210910000
2018-09-14,6512.709961,4076220000
2018-09-15,6543.200195,3216300000
2018-09-16,6517.180176,3273730000
2018-09-17,6281.200195,3910780000
2018-09-18,6371.299805,4180090000
2018-09-19,6398.540039,4431340000
2018-09-20,6519.669922,4348110000
2018-09-21,6734.950195,6531940000
2018-09-22,6721.97998,4509660000
2018-09-23,6710.629883,4197500000
2018-09-24,6595.410156,4177310000
2018-09-25,6446.470215,4726180000
2018-09-26,6495.0,4437300000
2018-09-27,6676.75,4606810000
2018-09-28,6644.129883,5014430000
2018-09-29,6601.959961,4363690000
2018-09-30,6625.560059,4002280000
2018-10-01,6589.620117,4000970000
2018-10-02,6556.100098,3979260000
2018-10-03,6502.589844,3887310000
2018-10-04,6576.689941,3838410000
2018-10-05,6622.47998,3671500000
2018-10-06,6588.310059,3259740000
2018-10-07,6602.950195,3306630000
2018-10-08,6652.22998,3979460000
2018-10-09,6642.640137,3580810000
2018-10-10,6585.529785,3787650000
2018-10-11,6256.240234,5181640000
2018-10-12,6274.580078,3783500000
2018-10-13,6285.990234,3064030000
2018-10-14,6290.930176,3085320000
2018-10-15,6596.540039,7370770000
2018-10-16,6596.109863,4074800000
2018-10-17,6544.430176,4088420000
2018-10-18,6476.709961,3924080000
2018-10-19,6465.410156,3578870000
2018-10-20,6489.189941,3379130000
2018-10-21,6482.350098,3253610000
2018-10-22,6487.160156,3672860000
2018-10-23,6475.740234,3716150000
2018-10-24,6495.839844,3424670000
2018-10-25,6476.290039,3230550000
2018-10-26,6474.75,3306050000
2018-10-27,6480.379883,3393250000
2018-10-28,6486.390137,3445190000
2018-10-29,6332.629883,4199910000
2018-10-30,6334.27002,3781100000
2018-10-31,6317.609863,4191240000
2018-11-01,6377.779785,3789400000
2018-11-02,6388.439941,4234870000
2018-11-03,6361.259766,3658640000
2018-11-04,6376.129883,4390020000
2018-11-05,6419.660156,4174800000
2018-11-06,6461.009766,4700040000
2018-11-07,6530.140137,4941260000
2018-11-08,6453.720215,4665260000
2018-11-09,6385.620117,4346820000
2018-11-10,6409.220215,3705320000
2018-11-11,6411.27002,3939060000
2018-11-12,6371.27002,4295770000
2018-11-13,6359.490234,4503800000
2018-11-14,5738.350098,7398940000
2018-11-15,5648.029785,7032140000
2018-11-16,5575.549805,5279320000
2018-11-17,5554.330078,4303150000
2018-11-18,5623.540039,4159680000
2018-11-19,4871.490234,7039560000
2018-11-20,4451.870117,8428290000
2018-11-21,4602.169922,6120120000
2018-11-22,4365.939941,4569370000
2018-11-23,4347.109863,4871490000
2018-11-24,3880.76001,4679500000
2018-11-25,4009.969971,6825640000
2018-11-26,3779.129883,6476900000
2018-11-27,3820.719971,5998720000
2018-11-28,4257.419922,7280280000
2018-11-29,4278.84668,6503347767
2018-11-30,4017.268555,6048016717
2018-12-01,4214.671875,5375314093
2018-12-02,4139.87793,5262697895
2018-12-03,3894.130859,5089570994
2018-12-04,3956.893799,5028069239
2018-12-05,3753.994873,5302481574
2018-12-06,3521.101807,5878333109
2018-12-07,3419.937256,6835615448
2018-12-08,3476.114746,5305024497
2018-12-09,3614.234375,4947372847
2018-12-10,3502.656006,5020968740
2018-12-11,3424.588135,4696765188
2018-12-12,3486.950195,4139364829
2018-12-13,3313.677246,4343372456
2018-12-14,3242.484863,4372763663
2018-12-15,3236.761719,3551763561
2018-12-16,3252.839111,3744248994
2018-12-17,3545.864746,5409247918
2018-12-18,3696.059082,5911325473
2018-12-19,3745.950684,6810689119
2018-12-20,4134.441406,8927129279
2018-12-21,3896.543701,7206015706
2018-12-22,4014.182617,5605823233
2018-12-23,3998.980225,6151275490
2018-12-24,4078.599121,7240968501
2018-12-25,3815.490723,6158207293
2018-12-26,3857.297607,5326547918
2018-12-27,3654.833496,5130222366
2018-12-28,3923.918701,5631554348
2018-12-29,3820.408691,4991655917
2018-12-30,3865.952637,4770578575
2018-12-31,3742.700439,4661840806
2019-01-01,3843.52002,4324200990
2019-01-02,3943.409424,5244856836
2019-01-03,3836.741211,4530215219
2019-01-04,3857.717529,4847965467
2019-01-05,3845.19458,5137609824
2019-01-06,4076.632568,5597027440
2019-01-07,4025.248291,5228625637
2019-01-08,4030.8479,5306593305
2019-01-09,4035.296387,5115905225
2019-01-10,3678.924561,6874143796
2019-01-11,3687.365479,5538712865
2019-01-12,3661.301025,4778170883
2019-01-13,3552.953125,4681302466
2019-01-14,3706.052246,5651384490
2019-01-15,3630.675293,5537192302
2019-01-16,3655.006836,5394457145
2019-01-17,3678.563965,5464420383
2019-01-18,3657.839355,5002961727
2019-01-19,3728.568359,5955691380
2019-01-20,3601.013672,5582489560
2019-01-21,3576.032471,5004347059
2019-01-22,3604.577148,5313623556
2019-01-23,3585.123047,5433755649
2019-01-24,3600.865479,5262869046
2019-01-25,3599.765869,5265847539
2019-01-26,3602.460449,5098183235
2019-01-27,3583.96582,5570752966
2019-01-28,3470.450439,6908930483
2019-01-29,3448.116943,5897159493
2019-01-30,3486.181641,5955112627
2019-01-31,3457.792725,5831198271
2019-02-01,3487.945313,5422926707
2019-02-02,3521.060791,5071623601
2019-02-03,3464.013428,5043937584
2019-02-04,3459.154053,5332718886
2019-02-05,3466.357422,5227549545
2019-02-06,3413.767822,5482196038
2019-02-07,3399.47168,5004962683
2019-02-08,3666.780273,7735623101
2019-02-09,3671.203613,6158833645
2019-02-10,3690.188232,6282256903
2019-02-11,3648.430664,6277056434
2019-02-12,3653.528564,6480384532
2019-02-13,3632.070557,6438903823
2019-02-14,3616.880859,6271044418
2019-02-15,3620.810791,6091952231
2019-02-16,3629.787598,5934744052
2019-02-17,3673.836182,7039512503
2019-02-18,3915.714355,9908216640
2019-02-19,3947.094482,9933626655
2019-02-20,3999.820557,8693373948
2019-02-21,3954.118164,7775128102
2019-02-22,4005.526611,7826525254
2019-02-23,4142.526855,8922258316
2019-02-24,3810.42749,10794227451
2019-02-25,3882.696289,9318796067
2019-02-26,3854.35791,7931218996
2019-02-27,3851.047363,8301309684
2019-02-28,3854.7854,8399767798
2019-03-01,3859.58374,7661247975
2019-03-02,3864.415039,7578786076
2019-03-03,3847.175781,7253558152
2019-03-04,3761.557129,9029175788
2019-03-05,3896.375,10174126415
2019-03-06,3903.942627,9175291529
2019-03-07,3911.484375,9584165519
2019-03-08,3901.131592,10638638944
2019-03-09,3963.313721,10796103518
2019-03-10,3951.599854,9713267607
2019-03-11,3905.227295,10125901903
2019-03-12,3909.15625,9809887079
2019-03-13,3906.717285,9469184841
2019-03-14,3924.369141,10480789570
2019-03-15,3960.911133,9394210605
2019-03-16,4048.72583,9856166973
2019-03-17,4025.229004,8221625400
2019-03-18,4032.507324,9646954186
2019-03-19,4071.190186,9344919956
2019-03-20,4087.476318,10175916388
2019-03-21,4029.326904,10831212662
2019-03-22,4023.968262,9252935969
2019-03-23,4035.826416,9578850549
2019-03-24,4022.168213,9144851065
2019-03-25,3963.070557,10359818883
2019-03-26,3985.080811,10707678815
2019-03-27,4087.066162,10897131934
2019-03-28,4069.107178,9353915899
2019-03-29,4098.374512,10918665557
2019-03-30,4106.660156,9732688060
2019-03-31,4105.404297,9045122443
2019-04-01,4158.183105,10157794171
2019-04-02,4879.87793,21315047816
2019-04-03,4973.021973,22899891582
2019-04-04,4922.798828,18251810240
2019-04-05,5036.681152,16837325387
2019-04-06,5059.817383,16929795194
2019-04-07,5198.896973,16655416140
2019-04-08,5289.770996,17154113634
2019-04-09,5204.958496,14722104361
2019-04-10,5324.551758,15504590933
2019-04-11,5064.487793,16555616019
2019-04-12,5089.539063,13675206312
2019-04-13,5096.586426,10823289598
2019-04-14,5167.722168,10391952498
2019-04-15,5067.108398,12290155061
2019-04-16,5235.55957,11618660197
2019-04-17,5251.937988,12438480677
2019-04-18,5298.385742,13256489918
2019-04-19,5303.8125,13780238655
2019-04-20,5337.88623,13169647522
2019-04-21,5314.53125,13731844223
2019-04-22,5399.365234,14601631648
2019-04-23,5572.362305,15867308108
2019-04-24,5464.866699,17048033399
2019-04-25,5210.515625,15330283408
2019-04-26,5279.348145,16812108040
2019-04-27,5268.291016,13111274675
2019-04-28,5285.13916,12819992056
2019-04-29,5247.352539,13735490672
2019-04-30,5350.726563,13878964574
2019-05-01,5402.697266,13679528236
2019-05-02,5505.283691,14644460907
2019-05-03,5768.289551,18720780006
2019-05-04,5831.16748,17567780766
2019-05-05,5795.708496,14808830723
2019-05-06,5746.807129,15737171804
2019-05-07,5829.501465,18026409033
2019-05-08,5982.45752,15320605300
2019-05-09,6174.528809,16784645411
2019-05-10,6378.849121,19419875368
2019-05-11,7204.771484,28867562329
2019-05-12,6972.371582,27773333680
2019-05-13,7814.915039,28677672181
2019-05-14,7994.416016,32031452227
2019-05-15,8205.167969,28344112920
2019-05-16,7884.90918,33167197581
2019-05-17,7343.895508,30066644905
2019-05-18,7271.208008,21354286562
2019-05-19,8197.689453,25902422040
2019-05-20,7978.309082,23843404340
2019-05-21,7963.327637,25127245056
2019-05-22,7680.066406,24719473175
2019-05-23,7881.84668,24457107820
2019-05-24,7987.371582,25919126991
2019-05-25,8052.543945,22256813107
2019-05-26,8673.21582,26677970091
2019-05-27,8805.77832,27949839564
2019-05-28,8719.961914,24226919267
2019-05-29,8659.487305,23473479966
2019-05-30,8319.472656,29246528551
2019-05-31,8574.501953,25365190957
2019-06-01,8564.016602,22488303544
2019-06-02,8742.958008,20266216022
2019-06-03,8208.995117,22004511436
2019-06-04,7707.770996,24609731549
2019-06-05,7824.231445,21760923463
2019-06-06,7822.023438,19474611077
2019-06-07,8043.951172,19141423231
2019-06-08,7954.12793,16522722810
2019-06-09,7688.077148,16610726547
2019-06-10,8000.32959,18689275117
2019-06-11,7927.714355,17107279932
2019-06-12,8145.857422,19034432883
2019-06-13,8230.923828,18669407147
2019-06-14,8693.833008,19831162906
2019-06-15,8838.375,18371033226
2019-06-16,8994.488281,23348550311
2019-06-17,9320.352539,15562951919
2019-06-18,9081.762695,15848210536
2019-06-19,9273.521484,15546809946
2019-06-20,9527.160156,17846823784
2019-06-21,10144.556641,20624008643
2019-06-22,10701.691406,29995204861
2019-06-23,10855.371094,20998326502
2019-06-24,11011.102539,19271652365
2019-06-25,11790.916992,24879684533
2019-06-26,13016.231445,45105733173
2019-06-27,11182.806641,39977475223
2019-06-28,12407.332031,35087757766
2019-06-29,11959.371094,29923961128
2019-06-30,10817.155273,27256473494
2019-07-01,10583.134766,29378589324
2019-07-02,10801.677734,31015895223
2019-07-03,11961.269531,30796494294
2019-07-04,11215.4375,25920294033
2019-07-05,10978.459961,23838480210
2019-07-06,11208.550781,21092024306
2019-07-07,11450.84668,19369044277
2019-07-08,12285.958008,23482551458
2019-07-09,12573.8125,28167921523
2019-07-10,12156.512695,33627574244
2019-07-11,11358.662109,28595327690
2019-07-12,11815.986328,23534692797
2019-07-13,11392.378906,21042616384
2019-07-14,10256.058594,22486000001
2019-07-15,10895.089844,25384047207
2019-07-16,9477.641602,24151199070
2019-07-17,9693.802734,24569921549
2019-07-18,10666.482422,25187024648
2019-07-19,10530.732422,20727426310
2019-07-20,10767.139648,20206615155
2019-07-21,10599.105469,17130580467
2019-07-22,10343.106445,16334414913
2019-07-23,9900.767578,17851916995
2019-07-24,9811.925781,17398734322
2019-07-25,9911.841797,15821952090
2019-07-26,9870.303711,14495714483
2019-07-27,9477.677734,16817809536
2019-07-28,9552.860352,13738687093
2019-07-29,9519.145508,13791445323
2019-07-30,9607.423828,13829811132
2019-07-31,10085.62793,16631520648
2019-08-01,10399.668945,17165337858
2019-08-02,10518.174805,17489094082
2019-08-03,10821.726563,15352685061
2019-08-04,10970.18457,16530894787
2019-08-05,11805.65332,23875988832
2019-08-06,11478.168945,23635107660
2019-08-07,11941.96875,22194988641
2019-08-08,11966.407227,19481591730
2019-08-09,11862.936523,18339989960
2019-08-10,11354.024414,18125355447
2019-08-11,11523.579102,15774371518
2019-08-12,11382.616211,13647198229
2019-08-13,10895.830078,16681503537
2019-08-14,10051.704102,19990838300
2019-08-15,10311.545898,22899115082
2019-08-16,10374.338867,20228207096
2019-08-17,10231.744141,13778035685
2019-08-18,10345.810547,12999813869
2019-08-19,10916.053711,16038264603
2019-08-20,10763.232422,15053082175
2019-08-21,10138.049805,19473084768
2019-08-22,10131.055664,17097508856
2019-08-23,10407.964844,15627023886
2019-08-24,10159.960938,15451030650
2019-08-25,10138.517578,14153856610
2019-08-26,10370.820313,18438654080
2019-08-27,10185.5,14762609503
2019-08-28,9754.422852,17603790323
2019-08-29,9510.200195,17045878501
2019-08-30,9598.173828,13595263986
2019-08-31,9630.664063,11454806419
2019-09-01,9757.970703,11445355859
2019-09-02,10346.760742,17248102294
2019-09-03,10623.540039,19384917989
2019-09-04,10594.493164,16742664769
2019-09-05,10575.533203,14551239508
2019-09-06,10353.302734,19536574783
2019-09-07,10517.254883,15307366476
2019-09-08,10441.276367,13670567493
2019-09-09,10334.974609,17595943368
2019-09-10,10115.975586,14906809639
2019-09-11,10178.37207,15428063426
2019-09-12,10410.126953,15323563925
2019-09-13,10360.546875,14109864675
2019-09-14,10358.048828,13468713124
2019-09-15,10347.712891,12043433567
2019-09-16,10276.793945,15160167779
2019-09-17,10241.272461,15304603363
2019-09-18,10198.248047,16169268880
2019-09-19,10266.415039,19937691247
2019-09-20,10181.641602,14734189639
2019-09-21,10019.716797,13425266806
2019-09-22,10070.392578,13199651698
2019-09-23,9729.324219,15144925408
2019-09-24,8620.566406,25002886689
2019-09-25,8486.993164,21744728353
2019-09-26,8118.967773,19258205289
2019-09-27,8251.845703,16408941156
2019-09-28,8245.915039,14141152736
2019-09-29,8104.185547,13034629109
2019-09-30,8293.868164,17115474183
2019-10-01,8343.276367,15305343413
2019-10-02,8393.041992,13125712443
2019-10-03,8259.992188,13668823409
2019-10-04,8205.939453,13139456229
2019-10-05,8151.500488,12200497197
2019-10-06,7988.155762,13160830305
2019-10-07,8245.623047,18009742607
2019-10-08,8228.783203,15592264032
2019-10-09,8595.740234,19384942333
2019-10-10,8586.473633,17618660671
2019-10-11,8321.756836,19604381101
2019-10-12,8336.555664,14532641605
2019-10-13,8321.005859,13808286059
2019-10-14,8374.686523,15151387859
2019-10-15,8205.369141,15220412632
2019-10-16,8047.526855,16071646996
2019-10-17,8103.911133,14313052244
2019-10-18,7973.20752,15651592610
2019-10-19,7988.560547,13797825640
2019-10-20,8222.078125,15504249442
2019-10-21,8243.720703,15868748866
2019-10-22,8078.203125,16803377857
2019-10-23,7514.671875,21942878958
2019-10-24,7493.48877,16268708849
2019-10-25,8660.700195,28705065488
2019-10-26,9244.972656,44496255609
2019-10-27,9551.714844,32593129501
2019-10-28,9256.148438,30948255332
2019-10-29,9427.6875,28426779937
2019-10-30,9205.726563,27706531577
2019-10-31,9199.584961,26583653947
2019-11-01,9261.104492,24324691031
2019-11-02,9324.717773,21242676385
2019-11-03,9235.354492,21132220847
2019-11-04,9412.612305,26170255634
2019-11-05,9342.527344,26198609048
2019-11-06,9360.879883,23133895765
2019-11-07,9267.561523,22700383839
2019-11-08,8804.880859,24333037836
2019-11-09,8813.582031,17578630606
2019-11-10,9055.526367,20587919881
2019-11-11,8757.788086,20265510765
2019-11-12,8815.662109,20309769107
2019-11-13,8808.262695,17545755405
2019-11-14,8708.094727,19084739975
2019-11-15,8491.992188,21796856471
2019-11-16,8550.760742,16495389808
2019-11-17,8577.975586,18668638897
2019-11-18,8309.286133,21579470673
2019-11-19,8206.145508,21083613816
2019-11-20,8027.268066,20764300437
2019-11-21,7642.75,22514243371
2019-11-22,7296.577637,34242315785
2019-11-23,7397.796875,21008924418
2019-11-24,7047.916992,30433517289
2019-11-25,7146.133789,42685231262
2019-11-26,7218.371094,21129505542
2019-11-27,7531.663574,23991412764
2019-11-28,7463.105957,19050116751
2019-11-29,7761.243652,19709695456
2019-11-30,7569.629883,17158194786
2019-12-01,7424.29248,18720708479
2019-12-02,7321.988281,17082040706
2019-12-03,7320.145508,14797485769
2019-12-04,7252.034668,21664240918
2019-12-05,7448.307617,18816085231
2019-12-06,7546.996582,18104466307
2019-12-07,7556.237793,15453520564
2019-12-08,7564.345215,15409908086
2019-12-09,7400.899414,17872021272
2019-12-10,7278.119629,18249031195
2019-12-11,7217.427246,16350490689
2019-12-12,7243.134277,18927080224
2019-12-13,7269.68457,17125736940
2019-12-14,7124.673828,17137029730
2019-12-15,7152.301758,16881129804
2019-12-16,6932.480469,20213265950
2019-12-17,6640.515137,22363804217
2019-12-18,7276.802734,31836522778
2019-12-19,7202.844238,25904604416
2019-12-20,7218.816406,22633815180
2019-12-21,7191.158691,19312552168
2019-12-22,7511.588867,23134537956
2019-12-23,7355.628418,27831788041
2019-12-24,7322.532227,22991622105
2019-12-25,7275.155762,21559505149
2019-12-26,7238.966797,22787010034
2019-12-27,7290.088379,22777360996
2019-12-28,7317.990234,21365673026
2019-12-29,7422.652832,22445257702
2019-12-30,7292.995117,22874131672
2019-12-31,7193.599121,21167946112
2020-01-01,7200.174316,18565664997
2020-01-02,6985.470215,20802083465
2020-01-03,7344.884277,28111481032
2020-01-04,7410.656738,18444271275
2020-01-05,7411.317383,19725074095
2020-01-06,7769.219238,23276261598
2020-01-07,8163.692383,28767291327
2020-01-08,8079.862793,31672559265
2020-01-09,7879.071289,24045990466
2020-01-10,8166.554199,28714583844
2020-01-11,8037.537598,25521165085
2020-01-12,8192.494141,22903438381
2020-01-13,8144.194336,22482910688
2020-01-14,8827.764648,44841784107
2020-01-15,8807.010742,40102834650
2020-01-16,8723.786133,31313981931
2020-01-17,8929.038086,36372139320
2020-01-18,8942.808594,32337772627
2020-01-19,8706.245117,34217320471
2020-01-20,8657.642578,26422375678
2020-01-21,8745.894531,24097418512
2020-01-22,8680.875977,22600204051
2020-01-23,8406.515625,25770680779
2020-01-24,8445.43457,24397913026
2020-01-25,8367.847656,19647331549
2020-01-26,8596.830078,22177678796
2020-01-27,8909.819336,28647338393
2020-01-28,9358.589844,34398744403
2020-01-29,9316.629883,30682598115
2020-01-30,9508.993164,32378792851
2020-01-31,9350.529297,29432489719
2020-02-01,9392.875,25922656496
2020-02-02,9344.365234,30835736946
2020-02-03,9293.521484,30934096509
2020-02-04,9180.962891,29893183716
2020-02-05,9613.423828,35222060874
2020-02-06,9729.801758,37628823716
2020-02-07,9795.943359,34522718159
2020-02-08,9865.119141,35172043762
2020-02-09,10116.673828,35807884663
2020-02-10,9856.611328,39386548075
2020-02-11,10208.236328,37648059389
2020-02-12,10326.054688,43444303830
2020-02-13,10214.379883,49356071373
2020-02-14,10312.116211,43338264162
2020-02-15,9889.424805,43865054831
2020-02-16,9934.433594,43374780305
2020-02-17,9690.142578,45998298413
2020-02-18,10141.996094,47271023953
2020-02-19,9633.386719,46992019710
2020-02-20,9608.475586,44925260237
2020-02-21,9686.441406,40930547513
2020-02-22,9663.181641,35838025154
2020-02-23,9924.515625,41185185761
2020-02-24,9650.174805,45080496648
2020-02-25,9341.705078,42515259129
2020-02-26,8820.522461,50420050762
2020-02-27,8784.494141,45470195695
2020-02-28,8672.455078,44605450443
2020-02-29,8599.508789,35792392544
2020-03-01,8562.454102,35349164300
2020-03-02,8869.669922,42857674409
2020-03-03,8787.786133,42386715821
2020-03-04,8755.246094,34746706368
2020-03-05,9078.762695,39698054597
2020-03-06,9122.545898,40826885651
2020-03-07,8909.954102,36216930370
2020-03-08,8108.116211,39973102121
2020-03-09,7923.644531,46936995808
2020-03-10,7909.729492,42213940994
2020-03-11,7911.430176,38682762605
2020-03-12,4970.788086,53980357243
2020-03-13,5563.707031,74156772075
2020-03-14,5200.366211,36154506008
2020-03-15,5392.314941,33997889639
2020-03-16,5014.47998,45368026430
2020-03-17,5225.629395,38622642935
2020-03-18,5238.438477,37878801016
2020-03-19,6191.192871,51000731797
2020-03-20,6198.77832,54442976103
2020-03-21,6185.066406,42494390880
2020-03-22,5830.254883,40099664740
2020-03-23,6416.314941,46491916000
2020-03-24,6734.803711,48221910672
2020-03-25,6681.062988,44590107888
2020-03-26,6716.44043,35319797642
2020-03-27,6469.79834,34585598367
2020-03-28,6242.193848,34885225901
2020-03-29,5922.042969,28373690931
2020-03-30,6429.841797,37101651525
2020-03-31,6438.644531,32786468812
2020-04-01,6606.776367,40346426266
2020-04-02,6793.624512,47660646124
2020-04-03,6733.387207,38976504903
2020-04-04,6867.527344,33185988584
2020-04-05,6791.129395,29510409856
2020-04-06,7271.78125,46896904615
2020-04-07,7176.414551,44243482668
2020-04-08,7334.098633,37563249549
2020-04-09,7302.089355,34815139178
2020-04-10,6865.493164,43622840992
2020-04-11,6859.083008,31222085946
2020-04-12,6971.091797,35759567632
2020-04-13,6845.037598,38619308647
2020-04-14,6842.427734,34110434052
2020-04-15,6642.109863,32288311031
2020-04-16,7116.804199,46783242377
2020-04-17,7096.18457,32513423567
2020-04-18,7257.665039,32447188386
2020-04-19,7189.424805,31311210215
2020-04-20,6881.958496,37747113936
2020-04-21,6880.323242,32589741511
2020-04-22,7117.20752,33249153866
2020-04-23,7429.724609,43500782316
2020-04-24,7550.900879,34636526286
2020-04-25,7569.936035,32941541447
2020-04-26,7679.867188,33070154491
2020-04-27,7795.601074,36162144725
2020-04-28,7807.058594,33187959921
2020-04-29,8801.038086,60201052203
2020-04-30,8658.553711,66964629541
2020-05-01,8864.766602,44068389997
2020-05-02,8988.59668,40134388683
2020-05-03,8897.46875,47101785174
2020-05-04,8912.654297,45718796276
2020-05-05,9003.070313,43148462663
2020-05-06,9268.761719,49371886931
2020-05-07,9951.518555,61112700562
2020-05-08,9842.666016,51780748042
2020-05-09,9593.896484,46566121841
2020-05-10,8756.430664,63325279337
2020-05-11,8601.795898,57119858802
2020-05-12,8804.477539,42142717533
2020-05-13,9269.987305,45558144023
2020-05-14,9733.72168,56426907637
2020-05-15,9328.197266,48158802327
2020-05-16,9377.013672,36164766408
2020-05-17,9670.739258,40084250663
2020-05-18,9726.575195,41827139896
2020-05-19,9729.038086,39254288955
2020-05-20,9522.981445,36546239703
2020-05-21,9081.761719,39326160532
2020-05-22,9182.577148,29810773699
2020-05-23,9209.287109,27727866812
2020-05-24,8790.368164,32518803300
2020-05-25,8906.93457,31288157264
2020-05-26,8835.052734,29584186947
2020-05-27,9181.017578,32740536902
2020-05-28,9525.750977,34367073114
2020-05-29,9439.124023,32896642044
2020-05-30,9700.414063,32722975141
2020-05-31,9461.058594,27773290299
2020-06-01,10167.268555,35198901068
2020-06-02,9529.803711,39137252109
2020-06-03,9656.717773,25007459262
2020-06-04,9800.636719,25921805072
2020-06-05,9665.533203,23509628646
2020-06-06,9653.679688,20438419222
2020-06-07,9758.852539,25015250846
2020-06-08,9771.489258,21486346312
2020-06-09,9795.700195,23717842783
2020-06-10,9870.094727,25706567601
2020-06-11,9321.78125,30247143440
2020-06-12,9480.84375,22610564515
2020-06-13,9475.277344,17564322315
2020-06-14,9386.788086,18991732746
2020-06-15,9450.702148,26699704768
2020-06-16,9538.024414,21565537209
2020-06-17,9480.254883,20177709879
2020-06-18,9411.84082,17770083003
2020-06-19,9288.018555,19632223107
2020-06-20,9332.34082,17130541557
2020-06-21,9303.629883,15324301169
2020-06-22,9648.717773,21104009514
2020-06-23,9629.658203,17006433272
2020-06-24,9313.610352,18961716076
2020-06-25,9264.813477,18616048626
2020-06-26,9162.917969,18341465837
2020-06-27,9045.390625,17273093144
2020-06-28,9143.582031,14560870760
2020-06-29,9190.854492,16460547078
2020-06-30,9137.993164,15735797744
2020-07-01,9228.325195,15971550355
2020-07-02,9123.410156,16338916796
2020-07-03,9087.303711,13078970999
2020-07-04,9132.488281,12290528515
2020-07-05,9073.942383,12903406143
2020-07-06,9375.474609,17889263252
2020-07-07,9252.277344,13839652595
2020-07-08,9428.333008,19702359883
2020-07-09,9277.967773,18000702524
2020-07-10,9278.807617,16860035605
2020-07-11,9240.34668,13249910444
2020-07-12,9276.5,14452361907
2020-07-13,9243.614258,17519821266
2020-07-14,9243.213867,18085038362
2020-07-15,9192.836914,15844731575
2020-07-16,9132.227539,15713967523
2020-07-17,9151.392578,13944570749
2020-07-18,9159.040039,12252601475
2020-07-19,9185.817383,12939002784
2020-07-20,9164.231445,13755604146
2020-07-21,9374.887695,18069581956
2020-07-22,9525.363281,16532254884
2020-07-23,9581.072266,18146399002
2020-07-24,9536.892578,16552768325
2020-07-25,9677.113281,16610070933
2020-07-26,9905.166992,20507998997
2020-07-27,10990.873047,35359749590
2020-07-28,10912.823242,28766551142
2020-07-29,11100.467773,24617249715
2020-07-30,11111.213867,22857247901
2020-07-31,11323.466797,23160469766
2020-08-01,11759.592773,26075670303
2020-08-02,11053.614258,27410067336
2020-08-03,11246.348633,20271713443
2020-08-04,11205.892578,21250197042
2020-08-05,11747.022461,24411254471
2020-08-06,11779.773438,23400740340
2020-08-07,11601.472656,23132312867
2020-08-08,11754.045898,17572057837
2020-08-09,11675.739258,17489608833
2020-08-10,11878.111328,26114112569
2020-08-11,11410.525391,27039782640
2020-08-12,11584.93457,25064548486
2020-08-13,11784.137695,27522199497
2020-08-14,11768.871094,24237958589
2020-08-15,11865.698242,23354924400
2020-08-16,11892.803711,20583375490
2020-08-17,12254.402344,28227687027
2020-08-18,11991.233398,26043227672
2020-08-19,11758.283203,24502851117
2020-08-20,11878.37207,20175242945
2020-08-21,11592.489258,23762425999
2020-08-22,11681.825195,20224191306
2020-08-23,11664.847656,18482062658
2020-08-24,11774.595703,20681511755
2020-08-25,11366.134766,26301509932
2020-08-26,11488.363281,22466660958
2020-08-27,11323.397461,23240415076
2020-08-28,11542.5,19807127588
2020-08-29,11506.865234,17485597759
2020-08-30,11711.505859,19760127945
2020-08-31,11680.820313,22285928250
2020-09-01,11970.478516,27311555343
2020-09-02,11414.03418,28037405299
2020-09-03,10245.296875,31927261555
2020-09-04,10511.813477,29965130374
2020-09-05,10169.567383,44916565292
2020-09-06,10280.351563,37071460174
2020-09-07,10369.563477,33703098409
2020-09-08,10131.516602,33430927462
2020-09-09,10242.347656,24128292755
2020-09-10,10363.138672,54406443211
2020-09-11,10400.915039,45201121775
2020-09-12,10442.170898,36750077324
2020-09-13,10323.755859,36506852789
2020-09-14,10680.837891,35453581940
2020-09-15,10796.951172,32509451925
2020-09-16,10974.905273,30769986455
2020-09-17,10948.990234,38151810523
2020-09-18,10944.585938,26341903912
2020-09-19,11094.34668,22764204008
2020-09-20,10938.271484,24699523788
2020-09-21,10462.259766,28884999244
2020-09-22,10538.459961,23621787804
2020-09-23,10246.186523,23788661867
2020-09-24,10760.066406,47144380902
2020-09-25,10692.716797,39348590957
2020-09-26,10750.723633,46852525493
2020-09-27,10775.269531,53745972818
2020-09-28,10709.652344,47762394731
2020-09-29,10844.640625,46582396602
2020-09-30,10784.491211,44171073700
2020-10-01,10619.452148,40023134100
2020-10-02,10575.974609,48661453918
2020-10-03,10549.329102,44660271563
2020-10-04,10669.583008,71251776995
2020-10-05,10793.339844,47537578009
2020-10-06,10604.40625,42623695307
2020-10-07,10668.96875,37799458436
2020-10-08,10915.685547,63314794397
2020-10-09,11064.458008,22799117613
2020-10-10,11296.361328,22877978588
2020-10-11,11384.181641,19968627060
2020-10-12,11555.363281,26163972642
2020-10-13,11425.899414,24241420251
2020-10-14,11429.506836,24103426719
2020-10-15,11495.349609,24487233058
2020-10-16,11322.123047,25635480772
2020-10-17,11358.101563,19130430174
2020-10-18,11483.359375,18283314340
2020-10-19,11742.037109,23860769928
2020-10-20,11916.334961,30915821592
2020-10-21,12823.689453,43414712626
2020-10-22,12965.891602,34729759598
2020-10-23,12931.539063,28974975003
2020-10-24,13108.0625,24542317940
2020-10-25,13031.173828,24406920575
2020-10-26,13075.248047,29461458313
2020-10-27,13654.21875,33749878156
2020-10-28,13271.285156,35867318895
2020-10-29,13437.882813,56499499598
2020-10-30,13546.522461,30581485201
2020-10-31,13780.995117,30306464719
2020-11-01,13737.109375,24453857900
2020-11-02,13550.489258,30771455468
2020-11-03,13950.300781,29869951617
2020-11-04,14133.707031,35116364962
2020-11-05,15579.848633,40856321439
2020-11-06,15565.880859,39837841971
2020-11-07,14833.753906,35024953706
2020-11-08,15479.567383,26632075029
2020-11-09,15332.31543,34149115566
2020-11-10,15290.902344,25574938143
2020-11-11,15701.339844,29772374934
2020-11-12,16276.34375,34175758344
2020-11-13,16317.808594,31599492172
2020-11-14,16068.138672,27481710135
2020-11-15,15955.587891,23653867583
2020-11-16,16716.111328,31526766675
2020-11-17,17645.40625,39006849170
2020-11-18,17804.005859,49064800278
2020-11-19,17817.089844,36985055355
2020-11-20,18621.314453,36992873940
2020-11-21,18642.232422,39650210707
2020-11-22,18370.001953,41280434226
2020-11-23,18364.121094,42741112308
2020-11-24,19107.464844,51469565009
2020-11-25,18732.121094,43710357371
2020-11-26,17150.623047,61396835737
2020-11-27,17108.402344,38886494645
2020-11-28,17717.414063,32601040734
2020-11-29,18177.484375,31133957704
2020-11-30,19625.835938,47728480399
2020-12-01,18802.998047,49633658712
2020-12-02,19201.091797,37387697139
2020-12-03,19445.398438,31930317405
2020-12-04,18699.765625,33872388058
2020-12-05,19154.230469,27242455064
2020-12-06,19345.121094,25293775714
2020-12-07,19191.630859,26896357742
2020-12-08,18321.144531,31692288756
2020-12-09,18553.916016,34420373071
2020-12-10,18264.992188,25547132265
2020-12-11,18058.904297,27919640985
2020-12-12,18803.65625,21752580802
2020-12-13,19142.382813,25450468637
2020-12-14,19246.644531,22473997681
2020-12-15,19417.076172,26741982541
2020-12-16,21310.597656,44409011479
2020-12-17,22805.162109,71378606374
2020-12-18,23137.960938,40387896275
2020-12-19,23869.832031,38487546580
2020-12-20,23477.294922,37844228422
2020-12-21,22803.082031,45852713981
2020-12-22,23783.029297,44171632681
2020-12-23,23241.345703,51146161904
2020-12-24,23735.949219,41080759713
2020-12-25,24664.791016,42068395846
2020-12-26,26437.037109,48332647295
2020-12-27,26272.294922,66479895605
2020-12-28,27084.808594,49056742893
2020-12-29,27362.4375,45265946774
2020-12-30,28840.953125,51287442704
2020-12-31,29001.720703,46754964848
2021-01-01,29374.152344,40730301359
2021-01-02,32127.267578,67865420765
2021-01-03,32782.023438,78665235202
2021-01-04,31971.914063,81163475344
2021-01-05,33992.429688,67547324782
2021-01-06,36824.363281,75289433811
2021-01-07,39371.042969,84762141031
2021-01-08,40797.609375,88107519480
2021-01-09,40254.546875,61984162837
2021-01-10,38356.441406,79980747690
2021-01-11,35566.65625,123320567399
2021-01-12,33922.960938,74773277909
2021-01-13,37316.359375,69364315979
2021-01-14,39187.328125,63615990033
2021-01-15,36825.367188,67760757881
2021-01-16,36178.140625,57706187875
2021-01-17,35791.277344,52359854336
2021-01-18,36630.074219,49511702429
2021-01-19,36069.804688,57244195486
2021-01-20,35547.75,66834573161
2021-01-21,30825.699219,75643067688
2021-01-22,33005.761719,77207272511
2021-01-23,32067.642578,48354737975
2021-01-24,32289.378906,48643830599
2021-01-25,32366.392578,59897054838
2021-01-26,32569.849609,60255421470
2021-01-27,30432.546875,62576762015
2021-01-28,33466.097656,76517157706
2021-01-29,34316.386719,117894572511
2021-01-30,34269.523438,65141828798
2021-01-31,33114.359375,52754542671
2021-02-01,33537.175781,61400400660
2021-02-02,35510.289063,63088585433
2021-02-03,37472.089844,61166818159
2021-02-04,36926.066406,68838074392
2021-02-05,38144.308594,58598066402
2021-02-06,39266.011719,71326033653
2021-02-07,38903.441406,65500641143
2021-02-08,46196.464844,101467222687
2021-02-09,46481.105469,91809846886
2021-02-10,44918.183594,87301089896
2021-02-11,47909.332031,81388911810
2021-02-12,47504.851563,76555041196
2021-02-13,47105.515625,70250456155
2021-02-14,48717.289063,71248675228
2021-02-15,47945.058594,77069903166
2021-02-16,49199.871094,77049582886
2021-02-17,52149.007813,80820545404
2021-02-18,51679.796875,52054723579
2021-02-19,55888.132813,63495496918
2021-02-20,56099.519531,68145460026
2021-02-21,57539.945313,51897585191
2021-02-22,54207.320313,92052420332
2021-02-23,48824.425781,106102492824
2021-02-24,49705.332031,63695521388
2021-02-25,47093.851563,54506565949
2021-02-26,46339.761719,350967941479
2021-02-27,46188.453125,45910946382
2021-02-28,45137.769531,53443887451
2021-03-01,49631.242188,53891300112
2021-03-02,48378.988281,47530897720
2021-03-03,50538.242188,53220811975
2021-03-04,48561.167969,52343816680
2021-03-05,48927.304688,48625928883
2021-03-06,48912.382813,34363564661
2021-03-07,51206.691406,43137459378
2021-03-08,52246.523438,48597428048
2021-03-09,54824.117188,50912227385
2021-03-10,56008.550781,57295577614
2021-03-11,57805.121094,56772343595
2021-03-12,57332.089844,55689944702
2021-03-13,61243.085938,60669829814
2021-03-14,59302.316406,43901225564
2021-03-15,55907.199219,66419369890
2021-03-16,56804.902344,59749798599
2021-03-17,58870.894531,60258313191
2021-03-18,57858.921875,55746041000
2021-03-19,58346.652344,49063873786
2021-03-20,58313.644531,50361731222
2021-03-21,57523.421875,51943414539
2021-03-22,54529.144531,56521454974
2021-03-23,54738.945313,56435023914
2021-03-24,52774.265625,70567223787
2021-03-25,51704.160156,67999812841
2021-03-26,55137.3125,56652197978
2021-03-27,55973.511719,47266542233
2021-03-28,55950.746094,47686580918
2021-03-29,57750.199219,57625587027
2021-03-30,58917.691406,54414116432
2021-03-31,58918.832031,65520826225
2021-04-01,59095.808594,61669163792
2021-04-02,59384.3125,58727860620
2021-04-03,57603.890625,59641344484
2021-04-04,58758.554688,50749662970
2021-04-05,59057.878906,60706272115
2021-04-06,58192.359375,66058027988
2021-04-07,56048.9375,75645303584
2021-04-08,58323.953125,53053855641
2021-04-09,58245.003906,46655208546
2021-04-10,59793.234375,58238470525
2021-04-11,60204.964844,46280252580
2021-04-12,59893.453125,51828688519
2021-04-13,63503.457031,69983454362
2021-04-14,63109.695313,77451779687
2021-04-15,63314.011719,60954381579
2021-04-16,61572.789063,84293007468
2021-04-17,60683.820313,66138759198
2021-04-18,56216.183594,97468872758
2021-04-19,55724.265625,65344865159
2021-04-20,56473.03125,67849323955
2021-04-21,53906.089844,54926612466
2021-04-22,51762.273438,74798630778
2021-04-23,51093.652344,86668667320
2021-04-24,50050.867188,49014494781
2021-04-25,49004.253906,46117114240
2021-04-26,54021.753906,58284039825
2021-04-27,55033.117188,49448222757
2021-04-28,54824.703125,48000572955
2021-04-29,53555.109375,46088929780
2021-04-30,57750.175781,52395931985
2021-05-01,57828.050781,42836427360
2021-05-02,56631.078125,38177405335
2021-05-03,57200.292969,51713139031
2021-05-04,53333.539063,68564706967
2021-05-05,57424.007813,69241316747
2021-05-06,56396.515625,69523285106
2021-05-07,57356.402344,68434023376
2021-05-08,58803.777344,65382980634
2021-05-09,58232.316406,65906690347
2021-05-10,55859.796875,71776546298
2021-05-11,56704.574219,61308396325
2021-05-12,49150.535156,75215403907
2021-05-13,49716.191406,96721152926
2021-05-14,49880.535156,55737497453
2021-05-15,46760.1875,59161047474
2021-05-16,46456.058594,64047871555
2021-05-17,43537.511719,74903638450
2021-05-18,42909.402344,56187365084
2021-05-19,37002.441406,126358098747
2021-05-20,40782.738281,88281943359
2021-05-21,37304.691406,82051616861
2021-05-22,37536.632813,57377273240
2021-05-23,34770.582031,78469274361
2021-05-24,38705.980469,67359584098
2021-05-25,38402.222656,56211915803
2021-05-26,39294.199219,51346735160
2021-05-27,38436.96875,43210968721
2021-05-28,35697.605469,55200191952
2021-05-29,34616.066406,45231013335
2021-05-30,35678.128906,31646080921
2021-05-31,37332.855469,39009847639
2021-06-01,36684.925781,34639423297
2021-06-02,37575.179688,33070867190
2021-06-03,39208.765625,35460750427
2021-06-04,36894.40625,41831090187
2021-06-05,35551.957031,35959473399
2021-06-06,35862.378906,28913440585
2021-06-07,33560.707031,33683936663
2021-06-08,33472.632813,49902050442
2021-06-09,37345.121094,53972919008
2021-06-10,36702.597656,43576032854
2021-06-11,37334.398438,38699736985
2021-06-12,35552.515625,37924228550
2021-06-13,39097.859375,40669112838
2021-06-14,40218.476563,43148914673
2021-06-15,40406.269531,46420149185
2021-06-16,38347.0625,39211635100
2021-06-17,38053.503906,37096670047
2021-06-18,35787.246094,36200887275
2021-06-19,35615.871094,31207279719
2021-06-20,35698.296875,36664034054
2021-06-21,31676.693359,52809038594
2021-06-22,32505.660156,58964353058
2021-06-23,33723.027344,46317108925
2021-06-24,34662.4375,33123368116
2021-06-25,31637.779297,40230904226
2021-06-26,32186.277344,38585385521
2021-06-27,34649.644531,35511640894
2021-06-28,34434.335938,33892523752
2021-06-29,35867.777344,37901460044
2021-06-30,35040.835938,34059036099
2021-07-01,33572.117188,37838957079
2021-07-02,33897.046875,38728974942
2021-07-03,34668.546875,24383958643
2021-07-04,35287.78125,24924307911
2021-07-05,33746.003906,26721554282
2021-07-06,34235.195313,26501259870
2021-07-07,33855.328125,24796027477
2021-07-08,32877.371094,29910396946
2021-07-09,33798.011719,27436021028
2021-07-10,33520.519531,22971873468
2021-07-11,34240.1875,20108729370
2021-07-12,33155.847656,24321499537
2021-07-13,32702.025391,19120856669
2021-07-14,32822.347656,21376531210
2021-07-15,31780.730469,21300524237
2021-07-16,31421.539063,23699476918
2021-07-17,31533.068359,18895018942
2021-07-18,31796.810547,18787986667
2021-07-19,30817.832031,20434789545
2021-07-20,29807.347656,23148267245
2021-07-21,32110.693359,28203024559
2021-07-22,32313.105469,19555230518
2021-07-23,33581.550781,22552046192
2021-07-24,34292.445313,21664706865
2021-07-25,35350.1875,20856685287
2021-07-26,37337.535156,51022126212
2021-07-27,39406.941406,35097370560
2021-07-28,39995.90625,38702404695
2021-07-29,40008.421875,27167146027
2021-07-30,42235.546875,33072782960
2021-07-31,41626.195313,25802845343
2021-08-01,39974.894531,26688438115
2021-08-02,39201.945313,25595265436
2021-08-03,38152.980469,26189830450
2021-08-04,39747.503906,25372562724
2021-08-05,40869.554688,35185031017
2021-08-06,42816.5,38226483046
2021-08-07,44555.800781,40030862141
2021-08-08,43798.117188,36302664750
2021-08-09,46365.402344,38734079049
2021-08-10,45585.03125,33546019517
2021-08-11,45593.636719,34319709073
2021-08-12,44428.289063,33723620826
2021-08-13,47793.320313,31744259539
2021-08-14,47096.945313,31211354442
2021-08-15,47047.003906,30988958446
2021-08-16,46004.484375,32776876610
2021-08-17,44695.359375,33451362600
2021-08-18,44801.1875,32194123075
2021-08-19,46717.578125,37204312299
2021-08-20,49339.175781,34706867452
2021-08-21,48905.492188,40585205312
2021-08-22,49321.652344,25370975378
2021-08-23,49546.148438,34305053719
2021-08-24,47706.117188,35361168834
2021-08-25,48960.789063,32646349931
2021-08-26,46942.21875,32666549568
2021-08-27,49058.667969,34511076995
2021-08-28,48902.402344,28568103401
2021-08-29,48829.832031,25889650240
2021-08-30,47054.984375,31847007016
2021-08-31,47166.6875,34730363427
2021-09-01,48847.027344,39139399125
2021-09-02,49327.722656,39508070319
2021-09-03,50025.375,43206179619
2021-09-04,49944.625,37471327794
2021-09-05,51753.410156,30322676319
2021-09-06,52633.535156,38884105426
2021-09-07,46811.128906,65210059683
2021-09-08,46091.390625,49007762488
2021-09-09,46391.421875,38672657013
2021-09-10,44883.910156,39154666597
2021-09-11,45201.457031,34499835245
2021-09-12,46063.269531,27881980161
2021-09-13,44963.074219,40969943253
2021-09-14,47092.492188,38652152880
2021-09-15,48176.347656,30484496466
2021-09-16,47783.359375,31764293754
2021-09-17,47267.519531,28727713711
2021-09-18,48278.363281,28575630451
2021-09-19,47260.21875,26967722648
2021-09-20,42843.800781,43909845642
2021-09-21,40693.675781,48701090088
2021-09-22,43574.507813,38139709246
2021-09-23,44895.097656,34244064430
2021-09-24,42839.75,42839345714
2021-09-25,42716.59375,31604717236
2021-09-26,43208.539063,30661222077
2021-09-27,42235.730469,30980029059
2021-09-28,41034.542969,30214940550
2021-09-29,41564.363281,30602359905
2021-09-30,43790.894531,31141681925
2021-10-01,48116.941406,42850641582
2021-10-02,47711.488281,30614346492
2021-10-03,48199.953125,26638115879
2021-10-04,49112.902344,33383173002
2021-10-05,51514.8125,35873904236
2021-10-06,55361.449219,49034730168
2021-10-07,53805.984375,36807860413
2021-10-08,53967.847656,34800873924
2021-10-09,54968.222656,32491211414
2021-10-10,54771.578125,39527792364
2021-10-11,57484.789063,42637331698
2021-10-12,56041.058594,41083758949
2021-10-13,57401.097656,41684252783
2021-10-14,57321.523438,36615791366
2021-10-15,61593.949219,51780081801
2021-10-16,60892.179688,34250964237
2021-10-17,61553.617188,29032367511
2021-10-18,62026.078125,38055562075
2021-10-19,64261.992188,40471196346
2021-10-20,65992.835938,40788955582
2021-10-21,62210.171875,45908121370
2021-10-22,60692.265625,38434082775
2021-10-23,61393.617188,26882546034
2021-10-24,60930.835938,27316183882
2021-10-25,63039.824219,31064911614
2021-10-26,60363.792969,34878965587
2021-10-27,58482.386719,43657076893
2021-10-28,60622.136719,45257083247
2021-10-29,62227.964844,36856881767
2021-10-30,61888.832031,32157938616
2021-10-31,61318.957031,32241199927
2021-11-01,61004.40625,36150572843
2021-11-02,63226.402344,37746665647
2021-11-03,62970.046875,36124731509
2021-11-04,61452.230469,32615846901
2021-11-05,61125.675781,30605102446
2021-11-06,61527.480469,29094934221
2021-11-07,63326.988281,24726754302
2021-11-08,67566.828125,41125608330
2021-11-09,66971.828125,42357991721
2021-11-10,64995.230469,48730828378
2021-11-11,64949.960938,35880633236
2021-11-12,64155.941406,36084893887
2021-11-13,64469.527344,30474228777
2021-11-14,65466.839844,25122092191
2021-11-15,63557.871094,30558763548
2021-11-16,60161.246094,46844335592
2021-11-17,60368.011719,39178392930
2021-11-18,56942.136719,41388338699
2021-11-19,58119.578125,38702407772
2021-11-20,59697.195313,30624264863
2021-11-21,58730.476563,26123447605
2021-11-22,56289.289063,35036121783
2021-11-23,57569.074219,37485803899
2021-11-24,56280.425781,36635566789
2021-11-25,57274.679688,34284016248
2021-11-26,53569.765625,41810748221
2021-11-27,54815.078125,30560857714
2021-11-28,57248.457031,28116886357
2021-11-29,57806.566406,32370840356
2021-11-30,57005.425781,36708594618
2021-12-01,57229.828125,36858195307
2021-12-02,56477.816406,32379968686
2021-12-03,53598.246094,39789134215
2021-12-04,49200.703125,61385677469
2021-12-05,49368.847656,37198201161
2021-12-06,50582.625,37707308001
2021-12-07,50700.085938,33676814852
2021-12-08,50504.796875,28479699446
2021-12-09,47672.121094,29603577251
2021-12-10,47243.304688,30966005122
2021-12-11,49362.507813,25775869261
2021-12-12,50098.335938,21939223599
2021-12-13,46737.480469,32166727776
2021-12-14,46612.632813,34638619079
2021-12-15,48896.722656,36541828520
2021-12-16,47665.425781,27268150947
2021-12-17,46202.144531,32902725329
2021-12-18,46848.777344,26098292690
2021-12-19,46707.015625,25154053861
2021-12-20,46880.277344,30961902129
2021-12-21,48936.613281,27055803928
2021-12-22,48628.511719,24447979559
2021-12-23,50784.539063,28223878108
2021-12-24,50822.195313,24367912228
2021-12-25,50429.859375,19030650914
2021-12-26,50809.515625,20964372926
2021-12-27,50640.417969,24324345758
2021-12-28,47588.855469,33430376883
2021-12-29,46444.710938,30049226299
2021-12-30,47178.125,26686491018
2021-12-31,46306.445313,36974172400
2022-01-01,47686.8125,24582667004
2022-01-02,47345.21875,27951569547
2022-01-03,46458.117188,33071628362
2022-01-04,45897.574219,42494677905
2022-01-05,43569.003906,36851084859
2022-01-06,43160.929688,30208048289
2022-01-07,41557.902344,84196607520
2022-01-08,41733.941406,28066355845
2022-01-09,41911.601563,21294384372
2022-01-10,41821.261719,32104232331
2022-01-11,42735.855469,26327648900
2022-01-12,43949.101563,33499938689
2022-01-13,42591.570313,47691135082
2022-01-14,43099.699219,23577403399
2022-01-15,43177.398438,18371348298
2022-01-16,43113.878906,17902097845
2022-01-17,42250.550781,21690904261
2022-01-18,42375.632813,22417209227
2022-01-19,41744.328125,23091543258
2022-01-20,40680.417969,20382033940
2022-01-21,36457.316406,43011992031
2022-01-22,35030.25,39714385405
2022-01-23,36276.804688,26017975951
2022-01-24,36654.328125,41856658597
2022-01-25,36954.003906,26428189594
2022-01-26,36852.121094,31324598034
2022-01-27,37138.234375,25041426629
2022-01-28,37784.332031,22238830523
2022-01-29,38138.179688,17194183075
2022-01-30,37917.601563,14643548444
2022-01-31,38483.125,20734730465
2022-02-01,38743.273438,20288500328
2022-02-02,36952.984375,19155189416
2022-02-03,37154.601563,18591534769
2022-02-04,41500.875,29412210792
2022-02-05,41441.164063,19652846215
2022-02-06,42412.433594,16142097334
2022-02-07,43840.285156,28641855926
2022-02-08,44118.445313,33079398868
2022-02-09,44338.796875,23245887300
2022-02-10,43565.113281,32142048537
2022-02-11,42407.9375,26954925781
2022-02-12,42244.46875,18152390304
2022-02-13,42197.515625,14741589015
2022-02-14,42586.917969,20827783012
2022-02-15,44575.203125,22721659051
2022-02-16,43961.859375,19792547657
2022-02-17,40538.011719,26246662813
2022-02-18,40030.976563,23310007704
2022-02-19,40122.15625,13736557863
2022-02-20,38431.378906,18340576452
2022-02-21,37075.28125,29280402798
2022-02-22,38286.027344,25493150450
2022-02-23,37296.570313,21849073843
2022-02-24,38332.609375,46383802093
2022-02-25,39214.21875,26545599159
2022-02-26,39105.148438,17467554129
2022-02-27,37709.785156,23450127612
2022-02-28,43193.234375,35690014104
2022-03-01,44354.636719,32479047645
2022-03-02,43924.117188,29183112630
2022-03-03,42451.789063,24967782593
2022-03-04,39137.605469,28516271427
2022-03-05,39400.585938,16975917450
2022-03-06,38419.984375,19745229902
2022-03-07,38062.039063,28546143503
2022-03-08,38737.269531,25776583476
2022-03-09,41982.925781,32284121034
2022-03-10,39437.460938,31078064711
2022-03-11,38794.972656,26364890465
2022-03-12,38904.011719,14616450657
2022-03-13,37849.664063,17300745310
2022-03-14,39666.753906,24322159070
2022-03-15,39338.785156,23934000868
2022-03-16,41143.929688,39616916192
2022-03-17,40951.378906,22009601093
2022-03-18,41801.15625,34421564942
2022-03-19,42190.652344,19664853187
2022-03-20,41247.824219,20127946682
2022-03-21,41077.996094,24615543271
2022-03-22,42358.808594,32004652376
2022-03-23,42892.957031,25242943069
2022-03-24,43960.933594,31042992291
2022-03-25,44348.730469,30574413034
2022-03-26,44500.828125,16950455995
2022-03-27,46820.492188,28160889722
2022-03-28,47128.003906,36362175703
2022-03-29,47465.730469,31397059069
2022-03-30,47062.664063,29333883962
2022-03-31,45538.675781,33327427106
2022-04-01,46281.644531,38162644287
2022-04-02,45868.949219,29336594194
2022-04-03,46453.566406,25414397610
2022-04-04,46622.675781,32499785455
2022-04-05,45555.992188,29640604055
2022-04-06,43206.738281,39393395788
2022-04-07,43503.847656,26101973106
2022-04-08,42287.664063,27215995394
2022-04-09,42782.136719,16050772496
2022-04-10,42207.671875,17654475582
2022-04-11,39521.902344,33949912166
2022-04-12,40127.183594,30991500854
2022-04-13,41166.730469,27691105228
2022-04-14,39935.515625,24342001973
2022-04-15,40553.464844,21756855753
2022-04-16,40424.484375,16833150693
2022-04-17,39716.953125,19087633042
2022-04-18,40826.214844,33705182072
2022-04-19,41502.75,25303206547
2022-04-20,41374.378906,27819532341
2022-04-21,40527.363281,35372786395
2022-04-22,39740.320313,28011716745
2022-04-23,39486.730469,16138021249
2022-04-24,39469.292969,17964398167
2022-04-25,40458.308594,35445730570
2022-04-26,38117.460938,34569088416
2022-04-27,39241.121094,30981015184
2022-04-28,39773.828125,33903704907
2022-04-29,38609.824219,30882994649
2022-04-30,37714.875,23895713731
2022-05-01,38469.09375,27002760110
2022-05-02,38529.328125,32922642426
2022-05-03,37750.453125,27326943244
2022-05-04,39698.371094,36754404490
2022-05-05,36575.140625,43106256317
2022-05-06,36040.921875,37795577489
2022-05-07,35501.953125,24375896406
2022-05-08,34059.265625,36763041910
2022-05-09,30296.953125,63355494961
2022-05-10,31022.90625,59811038817
2022-05-11,28936.355469,70388855818
2022-05-12,29047.751953,66989173272
2022-05-13,29283.103516,42841124537
2022-05-14,30101.265625,28579868620
2022-05-15,31305.113281,25835372065
2022-05-16,29862.917969,32613897286
2022-05-17,30425.857422,29101473475
2022-05-18,28720.271484,31285268319
2022-05-19,30314.333984,33773447707
2022-05-20,29200.740234,30749382605
2022-05-21,29432.226563,17274840442
2022-05-22,30323.722656,21631532270
2022-05-23,29098.910156,31483454557
2022-05-24,29655.585938,26616506245
2022-05-25,29562.361328,27525063551
2022-05-26,29267.224609,36774325352
2022-05-27,28627.574219,36582005748
2022-05-28,28814.900391,35519577634
2022-05-29,29445.957031,18093886409
2022-05-30,31726.390625,39277993274
2022-05-31,31792.310547,33538210634
2022-06-01,29799.080078,41135817341
2022-06-02,30467.488281,29083562061
2022-06-03,29704.390625,26175547452
2022-06-04,29832.914063,16588370958
2022-06-05,29906.662109,17264085441
2022-06-06,31370.671875,31947336829
2022-06-07,31155.478516,40770974039
2022-06-08,30214.355469,30242059107
2022-06-09,30111.998047,21692004719
2022-06-10,29083.804688,29867476527
2022-06-11,28360.810547,27246574439
2022-06-12,26762.648438,34163220274
2022-06-13,22487.388672,68204556440
2022-06-14,22206.792969,50913575242
2022-06-15,22572.839844,54912007015
2022-06-16,20381.650391,31183975654
2022-06-17,20471.482422,27132421514
2022-06-18,19017.642578,42009436760
2022-06-19,20553.271484,35329942625
2022-06-20,20599.537109,30818458597
2022-06-21,20710.597656,28970212744
2022-06-22,19987.029297,28574793478
2022-06-23,21085.876953,26188097173
2022-06-24,21231.65625,24957784918
2022-06-25,21502.337891,18372538715
2022-06-26,21027.294922,18027170497
2022-06-27,20735.478516,20965695707
2022-06-28,20280.634766,21381535161
2022-06-29,20104.023438,23552740328
2022-06-30,19784.726563,26267239923
2022-07-01,19269.367188,30767551159
2022-07-02,19242.255859,18100418740
2022-07-03,19297.076172,16390821947
2022-07-04,20231.261719,21594638208
2022-07-05,20190.115234,26715546990
2022-07-06,20548.246094,24598943708
2022-07-07,21637.587891,25814972520
2022-07-08,21731.117188,49899834488
2022-07-09,21592.207031,29641127858
2022-07-10,20860.449219,28688807249
2022-07-11,19970.556641,24150249025
2022-07-12,19323.914063,25810220018
2022-07-13,20212.074219,33042430345
2022-07-14,20569.919922,31158743333
2022-07-15,20836.328125,25905575359
2022-07-16,21190.316406,24302954056
2022-07-17,20779.34375,22927802083
2022-07-18,22485.689453,39974475562
2022-07-19,23389.433594,48765202697
2022-07-20,23231.732422,42932549127
2022-07-21,23164.628906,33631012204
2022-07-22,22714.978516,31421555646
2022-07-23,22465.478516,24021799169
2022-07-24,22609.164063,23565495303
2022-07-25,21361.701172,35574561406
2022-07-26,21239.753906,28624673855
2022-07-27,22930.548828,31758955233
2022-07-28,23843.886719,40212386158
2022-07-29,23804.632813,35887249746
2022-07-30,23656.207031,28148218301
2022-07-31,23336.896484,23553591896
2022-08-01,23314.199219,25849159141
2022-08-02,22978.117188,28389250717
2022-08-03,22846.507813,26288169966
2022-08-04,22630.957031,25120229769
2022-08-05,23289.314453,28881249043
2022-08-06,22961.279297,15978259885
2022-08-07,23175.890625,15886817043
2022-08-08,23809.486328,28575544847
2022-08-09,23164.318359,23555719219
2022-08-10,23947.642578,32837431722
2022-08-11,23957.529297,37127036580
2022-08-12,24402.818359,27265804688
2022-08-13,24424.068359,22987346289
2022-08-14,24319.333984,22994133555
2022-08-15,24136.972656,35123501685
2022-08-16,23883.291016,27753685646
2022-08-17,23335.998047,30931623076
2022-08-18,23212.738281,23747613147
2022-08-19,20877.552734,40509610260
2022-08-20,21166.060547,27595671000
2022-08-21,21534.121094,23102307723
2022-08-22,21398.908203,31666498758
2022-08-23,21528.087891,31878280659
2022-08-24,21395.019531,31962253368
2022-08-25,21600.904297,31028679593
2022-08-26,20260.019531,42326789564
2022-08-27,20041.738281,30116729776
2022-08-28,19616.814453,24366810591
2022-08-29,20297.994141,32637854078
2022-08-30,19796.808594,34483360283
2022-08-31,20049.763672,33225232872
2022-09-01,20127.140625,30182031010
2022-09-02,19969.771484,29123998928
2022-09-03,19832.087891,23613051457
2022-09-04,19986.712891,25245861652
2022-09-05,19812.371094,28813460025
2022-09-06,18837.667969,43403978910
2022-09-07,19290.324219,35239757134
2022-09-08,19329.833984,32194477850
2022-09-09,21381.152344,48469528171
2022-09-10,21680.539063,36913738894
2022-09-11,21769.255859,34493951963
2022-09-12,22370.449219,50212088965
2022-09-13,20296.707031,51091116622
2022-09-14,20241.089844,37872380889
2022-09-15,19701.210938,36389011503
2022-09-16,19772.583984,30123362273
2022-09-17,20127.576172,24957448100
2022-09-18,19419.505859,31254779144
2022-09-19,19544.128906,40177002624
2022-09-20,18890.789063,36791346508
2022-09-21,18547.400391,46363793975
2022-09-22,19413.550781,41135767926
2022-09-23,19297.638672,38896078052
2022-09-24,18937.011719,26149643168
2022-09-25,18802.097656,23359966112
2022-09-26,19222.671875,44148798321
2022-09-27,19110.546875,58571439619
2022-09-28,19426.720703,53071298734
2022-09-29,19573.050781,41037843771
2022-09-30,19431.789063,43975248085
2022-10-01,19312.095703,18719537670
2022-10-02,19044.107422,20765955327
2022-10-03,19623.580078,30484729489
2022-10-04,20336.84375,35887278685
2022-10-05,20160.716797,33223790572
2022-10-06,19955.443359,34711412966
2022-10-07,19546.849609,29227315390
2022-10-08,19416.568359,16437423167
2022-10-09,19446.425781,16837262532
2022-10-10,19141.484375,27425022774
2022-10-11,19051.417969,28711532910
2022-10-12,19157.445313,24950173846
2022-10-13,19382.904297,44219840004
2022-10-14,19185.65625,38452356727
2022-10-15,19067.634766,16192235532
2022-10-16,19268.09375,17988916650
2022-10-17,19550.757813,27472552998
2022-10-18,19334.416016,30580012344
2022-10-19,19139.535156,22425387184
2022-10-20,19053.740234,24493974420
2022-10-21,19172.46875,32459287866
2022-10-22,19208.189453,16104440957
2022-10-23,19567.007813,22128794335
2022-10-24,19345.572266,30202235805
2022-10-25,20095.857422,47761524910
2022-10-26,20770.441406,58895950537
2022-10-27,20285.835938,49625110402
2022-10-28,20595.351563,43994715910
2022-10-29,20818.476563,40369840645
2022-10-30,20635.603516,31486345556
2022-10-31,20495.773438,45668466815
2022-11-01,20485.273438,39819303159
2022-11-02,20159.503906,55552169483
2022-11-03,20209.988281,43228750179
2022-11-04,21147.230469,64072727950
2022-11-05,21282.691406,37846047609
2022-11-06,20926.486328,35082693210
2022-11-07,20602.816406,53510852236
2022-11-08,18541.271484,118992465607
2022-11-09,15880.780273,102905151606
2022-11-10,17586.771484,83202283721
2022-11-11,17034.292969,55871616488
2022-11-12,16799.185547,29717699419
2022-11-13,16353.365234,27209183682
2022-11-14,16618.199219,49630243054
2022-11-15,16884.613281,36599436183
2022-11-16,16669.439453,33925512989
2022-11-17,16687.517578,27868914022
2022-11-18,16697.777344,26862218609
2022-11-19,16711.546875,16106223492
2022-11-20,16291.832031,21313378652
2022-11-21,15787.28418,37429485518
2022-11-22,16189.769531,30726828760
2022-11-23,16610.707031,32958875628
2022-11-24,16604.464844,26129037414
2022-11-25,16521.841797,18678255976
2022-11-26,16464.28125,18000008764
2022-11-27,16444.626953,20443898509
2022-11-28,16217.322266,27743025156
2022-11-29,16444.982422,23581685468
2022-11-30,17168.566406,29523576583
2022-12-01,16967.132813,22895392882
2022-12-02,17088.660156,19539705127
2022-12-03,16908.236328,16217776704
2022-12-04,17130.486328,16824520830
2022-12-05,16974.826172,22209086834
2022-12-06,17089.503906,19889922369
2022-12-07,16848.126953,19675404389
2022-12-08,17233.474609,20496603770
2022-12-09,17133.152344,20328426366
2022-12-10,17128.724609,12706781969
2022-12-11,17104.193359,14122486832
2022-12-12,17206.4375,19617581341
2022-12-13,17781.318359,26634741631
2022-12-14,17815.650391,25534481470
2022-12-15,17364.865234,20964448341
2022-12-16,16647.484375,24031608960
2022-12-17,16795.091797,14463581825
2022-12-18,16757.976563,10924354698
2022-12-19,16439.679688,17221074814
2022-12-20,16906.304688,22722096615
2022-12-21,16817.535156,14882945045
2022-12-22,16830.341797,16441573050
2022-12-23,16796.953125,15329265213
2022-12-24,16847.755859,9744636213
2022-12-25,16841.986328,11656379938
2022-12-26,16919.804688,11886957804
2022-12-27,16717.173828,15748580239
2022-12-28,16552.572266,17005713920
2022-12-29,16642.341797,14472237479
2022-12-30,16602.585938,15929162910
2022-12-31,16547.496094,11239186456
2023-01-01,16625.080078,9244361700
2023-01-02,16688.470703,12097775227
2023-01-03,16679.857422,13903079207
2023-01-04,16863.238281,18421743322
2023-01-05,16836.736328,13692758566
2023-01-06,16951.96875,14413662913
2023-01-07,16955.078125,7714767174
2023-01-08,17091.144531,9768827914
2023-01-09,17196.554688,18624736866
2023-01-10,17446.292969,15808338949
2023-01-11,17934.896484,18372283782
2023-01-12,18869.587891,34971338710
2023-01-13,19909.574219,29225029694
2023-01-14,20976.298828,38967784639
2023-01-15,20880.798828,19298407543
2023-01-16,21169.632813,26792494050
2023-01-17,21161.519531,24999983362
2023-01-18,20688.78125,30005625418
2023-01-19,21086.792969,21152848261
2023-01-20,22676.552734,28799154319
2023-01-21,22777.625,32442278429
2023-01-22,22720.416016,24746386230
2023-01-23,22934.431641,26518700512
2023-01-24,22636.46875,26405069715
2023-01-25,23117.859375,30685366709
2023-01-26,23032.777344,26357839322
2023-01-27,23078.728516,25383335641
2023-01-28,23031.089844,14712928379
2023-01-29,23774.566406,27423687259
2023-01-30,22840.138672,27205595568
2023-01-31,23139.283203,22837828665
2023-02-01,23723.769531,26683255504
2023-02-02,23471.871094,32066936882
2023-02-03,23449.322266,27083066007
2023-02-04,23331.847656,15639298538
2023-02-05,22955.666016,19564262605
2023-02-06,22760.109375,23825006542
2023-02-07,23264.291016,27187964471
2023-02-08,22939.398438,25371367758
2023-02-09,21819.039063,32572572185
2023-02-10,21651.183594,27078406594
2023-02-11,21870.875,16356226232
2023-02-12,21788.203125,17821046406
2023-02-13,21808.101563,23918742607
2023-02-14,22220.804688,26792596581
2023-02-15,24307.841797,32483312909
2023-02-16,23623.474609,39316664596
2023-02-17,24565.601563,41358451255
2023-02-18,24641.277344,19625427158
2023-02-19,24327.642578,25555105670
2023-02-20,24829.148438,28987376573
2023-02-21,24436.353516,31252098714
2023-02-22,24188.84375,30199996781
2023-02-23,23947.492188,30476264066
2023-02-24,23198.126953,26811744928
2023-02-25,23175.375,16100721565
2023-02-26,23561.212891,16644534842
2023-02-27,23522.871094,22660763494
2023-02-28,23147.353516,20535363434
2023-03-01,23646.550781,24662841200
2023-03-02,23475.466797,20386398516
2023-03-03,22362.679688,26062404610
2023-03-04,22353.349609,11166012913
2023-03-05,22435.513672,13317001733
2023-03-06,22429.757813,17353192895
2023-03-07,22219.769531,22765452204
2023-03-08,21718.080078,22536575684
2023-03-09,20363.021484,30364664171
2023-03-10,20187.244141,39578257695
2023-03-11,20632.410156,30180288176
2023-03-12,22163.949219,29279035521
2023-03-13,24197.533203,49466362688
2023-03-14,24746.074219,54622230164
2023-03-15,24375.960938,43655701450
2023-03-16,25052.789063,33866061747
2023-03-17,27423.929688,50730261335
2023-03-18,26965.878906,35723036817
2023-03-19,28038.675781,37769448859
2023-03-20,27767.236328,44774027664
2023-03-21,28175.816406,36102192830
2023-03-22,27307.4375,33382021890
2023-03-23,28333.972656,24220433689
2023-03-24,27493.285156,25980310960
2023-03-25,27494.707031,13383005987
2023-03-26,27994.330078,13878363192
2023-03-27,27139.888672,18188895178
2023-03-28,27268.130859,17783600385
2023-03-29,28348.441406,20684945906
2023-03-30,28033.5625,22435349951
2023-03-31,28478.484375,19001327598
2023-04-01,28411.035156,10876469901
2023-04-02,28199.308594,12284641999
2023-04-03,27790.220703,19556501327
2023-04-04,28168.089844,15284538859
2023-04-05,28177.984375,17052315986
2023-04-06,28044.140625,13837809380
2023-04-07,27925.859375,10861680497
2023-04-08,27947.794922,9373255556
2023-04-09,28333.050781,12175322951
2023-04-10,29652.980469,19282400094
2023-04-11,30235.058594,20121259843
2023-04-12,30139.052734,18651929926
2023-04-13,30399.066406,17487721001
2023-04-14,30485.699219,22659995079
2023-04-15,30318.496094,11940685378
2023-04-16,30315.355469,12854816417
2023-04-17,29445.044922,17872186762
2023-04-18,30397.552734,19480529496
2023-04-19,28822.679688,24571565421
2023-04-20,28245.988281,21340360360
2023-04-21,27276.910156,20759504330
2023-04-22,27817.5,13125734602
2023-04-23,27591.384766,12785446832
2023-04-24,27525.339844,17703288330
2023-04-25,28307.597656,17733373139
2023-04-26,28422.701172,31854242019
2023-04-27,29473.787109,27153445027
2023-04-28,29340.261719,17544464887
2023-04-29,29248.488281,10662634333
2023-04-30,29268.806641,14652199272
2023-05-01,28091.568359,18655599976
2023-05-02,28680.537109,16432924527
2023-05-03,29006.308594,19122972518
2023-05-04,28847.710938,15548678514
2023-05-05,29534.384766,17936566518
2023-05-06,28904.623047,15913866714
2023-05-07,28454.978516,11301355486
2023-05-08,27694.273438,19122903752
2023-05-09,27658.775391,14128593256
2023-05-10,27621.755859,20656025026
2023-05-11,27000.789063,16724343943
2023-05-12,26804.990234,19313599897
2023-05-13,26784.078125,9999171605
2023-05-14,26930.638672,10014858959
2023-05-15,27192.693359,14413231792
2023-05-16,27036.650391,12732238816
2023-05-17,27398.802734,15140006925
2023-05-18,26832.208984,15222938600
2023-05-19,26890.128906,11258983301
2023-05-20,27129.585938,7044911360
2023-05-21,26753.826172,8647416921
2023-05-22,26851.277344,11056770492
2023-05-23,27225.726563,13697203143
2023-05-24,26334.818359,16299104428
2023-05-25,26476.207031,13851122697
2023-05-26,26719.291016,12711619225
2023-05-27,26868.353516,7892015141
2023-05-28,28085.646484,14545229578
2023-05-29,27745.884766,15181308984
2023-05-30,27702.349609,13251081851
2023-05-31,27219.658203,15656371534
2023-06-01,26819.972656,14678970415
2023-06-02,27249.589844,14837415000
2023-06-03,27075.128906,8385597470
2023-06-04,27119.066406,9360912318
2023-06-05,25760.097656,21513292646
2023-06-06,27238.783203,21929670693
2023-06-07,26345.998047,19530045082
2023-06-08,26508.216797,11904824295
2023-06-09,26480.375,11015551640
2023-06-10,25851.240234,19872933189
2023-06-11,25940.167969,10732609603
2023-06-12,25902.5,11677889997
2023-06-13,25918.728516,14143474486
2023-06-14,25124.675781,14265717766
2023-06-15,25576.394531,15837384409
2023-06-16,26327.462891,16324646965
2023-06-17,26510.675781,11090276850
2023-06-18,26336.212891,9565695129
2023-06-19,26851.029297,12826986222
2023-06-20,28327.488281,22211859147
2023-06-21,30027.296875,33346760979
2023-06-22,29912.28125,20653160491
2023-06-23,30695.46875,24115570085
2023-06-24,30548.695313,12147822496
2023-06-25,30480.261719,12703464114
2023-06-26,30271.130859,16493186997
2023-06-27,30688.164063,16428827944
2023-06-28,30086.246094,14571500779
2023-06-29,30445.351563,13180860821
2023-06-30,30477.251953,26387306197
2023-07-01,30590.078125,9086606733
2023-07-02,30620.769531,10533418042
2023-07-03,31156.439453,15271884873
2023-07-04,30777.582031,12810828427
2023-07-05,30514.166016,12481622280
2023-07-06,29909.337891,21129219509
2023-07-07,30342.265625,13384770155
2023-07-08,30292.541016,7509378699
2023-07-09,30171.234375,7903327692
2023-07-10,30414.470703,14828209155
2023-07-11,30620.951172,12151839152
2023-07-12,30391.646484,14805659717
2023-07-13,31476.048828,23686079548
2023-07-14,30334.068359,20917902660
2023-07-15,30295.806641,8011667756
2023-07-16,30249.132813,8516564470
2023-07-17,30145.888672,13240156074
2023-07-18,29856.5625,13138897269
2023-07-19,29913.923828,12128602812
2023-07-20,29792.015625,14655207121
2023-07-21,29908.744141,10972789818
2023-07-22,29771.802734,7873300598
2023-07-23,30084.539063,9220145050
2023-07-24,29176.916016,15395817395
2023-07-25,29227.390625,10266772793
2023-07-26,29354.972656,13497554655
2023-07-27,29210.689453,10770779217
2023-07-28,29319.246094,11218474952
2023-07-29,29356.917969,6481775959
2023-07-30,29275.308594,8678454527
2023-07-31,29230.111328,11656781982
2023-08-01,29675.732422,18272392391
2023-08-02,29151.958984,19212655598
2023-08-03,29178.679688,12780357746
2023-08-04,29074.091797,12036639988
2023-08-05,29042.126953,6598366353
2023-08-06,29041.855469,7269806994
2023-08-07,29180.578125,13618163710
2023-08-08,29765.492188,17570561357
2023-08-09,29561.494141,18379521213
2023-08-10,29429.591797,11865344789
2023-08-11,29397.714844,10195168197
2023-08-12,29415.964844,6194358008
2023-08-13,29282.914063,7329897180
2023-08-14,29408.443359,14013695304
2023-08-15,29170.347656,12640195779
2023-08-16,28701.779297,14949271904
2023-08-17,26664.550781,31120851211
2023-08-18,26049.556641,24026236529
2023-08-19,26096.205078,10631443812
2023-08-20,26189.583984,9036580420
2023-08-21,26124.140625,13371557893
2023-08-22,26031.65625,14503820706
2023-08-23,26431.640625,16985265785
2023-08-24,26162.373047,12871532023
2023-08-25,26047.667969,12406045118
2023-08-26,26008.462891,6034817316
2023-08-27,26089.693359,6913768611
2023-08-28,26106.150391,11002805166
2023-08-29,27727.392578,29368391712
2023-08-30,27297.265625,16343655235
2023-08-31,25931.472656,20181001451
2023-09-01,25800.724609,17202862221
2023-09-02,25868.798828,10100387473
2023-09-03,25969.566406,8962524523
2023-09-04,25812.416016,10680635106
2023-09-05,25779.982422,11094740040
2023-09-06,25753.236328,12752705327
2023-09-07,26240.195313,11088307100
2023-09-08,25905.654297,10817356400
2023-09-09,25895.677734,5481314132
2023-09-10,25832.226563,7899553047
2023-09-11,25162.654297,14600006467
2023-09-12,25833.34375,18657279324
2023-09-13,26228.324219,13072077070
2023-09-14,26539.673828,13811359124
2023-09-15,26608.693359,11479735788
2023-09-16,26568.28125,7402031417
2023-09-17,26534.1875,6774210670
2023-09-18,26754.28125,15615339655
2023-09-19,27211.117188,13807690550
2023-09-20,27132.007813,13281116604
2023-09-21,26567.632813,13371443708
2023-09-22,26579.568359,10578746709
2023-09-23,26579.390625,7404700301
2023-09-24,26256.826172,8192867686
2023-09-25,26298.480469,11997833257
2023-09-26,26217.25,9985498161
2023-09-27,26352.716797,11718380997
2023-09-28,27021.546875,14079002707
2023-09-29,26911.720703,10396435377
2023-09-30,26967.916016,5331172801
